Data Engineer,Data Analyst,Data Science
pytorch,sas,tableau
tensorflow,hadoop,pytorch
tensorflow,spark,tensorflow
tensorflow,powerbi,tensorflow
tableau,spark,tensorflow
tensorflow,dash,sas
tableau,sas,sas
pytorch,spark,tensorflow
nltk,tensorflow,spark
tableau,tableau,opencv
hadoop,numpy,spark
spark,powerbi,pandas
hadoop,qliksense,numpy
spark,tableau,keras
hadoop,shiny,tensorflow
spark,sas,bokeh
spark,tidyverse,keras
spark,mongodb,tensorflow
hadoop,powerbi,pandas
spark,dash,bokeh
numpy,,keras
keras,,tensorflow
scipy,,hadoop
pytorch,,spark
numpy,,shiny
tensorflow,,bokeh
spark,,dash
powerbi,,numpy
tensorflow,,keras
theano,,pandas
spark,,numpy
scipy,,keras
numpy,,tableau
hadoop,,sas
spark,,bokeh
hadoop,,keras
spark,,tensorflow
pytorch,,scipy
tensorflow,,pytorch
spark,,numpy
spark,,tensorflow
mongodb,,powerbi
opencv,,scikit
pytorch,,tensorflow
keras,,sas
tensorflow,,mongodb
hadoop,,hadoop
spark,,mongodb
spark,,hadoop
tableau,,spark
tableau,,pytorch
spark,,tensorflow
powerbi,,tableau
powerbi,,sas
spark,,hadoop
tableau,,spark
spark,,pytorch
powerbi,,tensorflow
pytorch,,spark
keras,,pandas
tensorflow,,keras
tableau,,tensorflow
hadoop,,spark
spark,,spark
tensorflow,,hadoop
spark,,spark
keras,,numpy
spark,,keras
pytorch,,spark
shiny,,nltk
tableau,,keras
hadoop,,tensorflow
spark,,pytorch
tableau,,keras
sas,,sas
powerbi,,hadoop
spark,,spark
hadoop,,pytorch
tableau,,shiny
powerbi,,sas
qliksense,,pytorch
hadoop,,keras
spark,,tensorflow
cassandra,,sas
hadoop,,pytorch
spark,,keras
spark,,tensorflow
tensorflow,,sas
hadoop,,pytorch
theano,,tensorflow
spark,,sas
spark,,seaborn
spark,,numpy
spark,,keras
tensorflow,,hadoop
spark,,spark
keras,,pytorch
spark,,keras
tableau,,tensorflow
dash,,pytorch
hadoop,,tensorflow
spark,,keras
tableau,,spark
hadoop,,keras
mongodb,,tensorflow
pytorch,,seaborn
tensorflow,,numpy
tableau,,keras
dash,,tensorflow
spark,,tensorflow
tableau,,hadoop
powerbi,,scipy
spark,,spark
spark,,numpy
hadoop,,matplotlib
spark,,sas
powerbi,,hadoop
hadoop,,powerbi
spark,,
spark,,
hadoop,,
spark,,
tableau,,
spark,,
tableau,,
spark,,
scipy,,
spark,,
hadoop,,
spark,,
hadoop,,
spark,,
mongodb,,
spark,,
spark,,
mongodb,,
hadoop,,
spark,,
cassandra,,
mongodb,,
spark,,
spark,,
spark,,
spark,,
spark,,
spark,,
mongodb,,
spark,,
spark,,
spark,,
hadoop,,
spark,,
spark,,
cassandra,,
mongodb,,
spark,,
opencv,,
